{
  "info" : {
    "version" : 1,
    "author" : "xcode"
  },
  "images" : [
    {
      "filename" : "icon_1024.png",
      "scale" : "1x",
      "size" : "1024x1024",
      "idiom" : "ios-marketing"
    },
    {
      "size" : "20x20",
      "idiom" : "iphone",
      "filename" : "icon_40.png",
      "scale" : "2x"
    },
    {
      "size" : "20x20",
      "idiom" : "iphone",
      "filename" : "icon_60.png",
      "scale" : "3x"
    },
    {
      "scale" : "2x",
      "idiom" : "iphone",
      "filename" : "icon_58.png",
      "size" : "29x29"
    },
    {
      "idiom" : "iphone",
      "scale" : "3x",
      "filename" : "icon_87.png",
      "size" : "29x29"
    },
    {
      "idiom" : "iphone",
      "filename" : "icon_80.png",
      "size" : "40x40",
      "scale" : "2x"
    },
    {
      "size" : "40x40",
      "idiom" : "iphone",
      "scale" : "3x",
      "filename" : "icon_120.png"
    },
    {
      "filename" : "icon_120.png",
      "size" : "60x60",
      "idiom" : "iphone",
      "scale" : "2x"
    },
    {
      "scale" : "3x",
      "idiom" : "iphone",
      "filename" : "icon_180.png",
      "size" : "60x60"
    },
    {
      "size" : "20x20",
      "scale" : "1x",
      "idiom" : "ipad",
      "filename" : "icon_20.png"
    },
    {
      "size" : "20x20",
      "scale" : "2x",
      "filename" : "icon_40.png",
      "idiom" : "ipad"
    },
    {
      "filename" : "icon_29.png",
      "idiom" : "ipad",
      "size" : "29x29",
      "scale" : "1x"
    },
    {
      "scale" : "2x",
      "idiom" : "ipad",
      "size" : "29x29",
      "filename" : "icon_58.png"
    },
    {
      "size" : "40x40",
      "scale" : "1x",
      "filename" : "icon_40.png",
      "idiom" : "ipad"
    },
    {
      "size" : "40x40",
      "scale" : "2x",
      "idiom" : "ipad",
      "filename" : "icon_80.png"
    },
    {
      "filename" : "icon_76.png",
      "idiom" : "ipad",
      "scale" : "1x",
      "size" : "76x76"
    },
    {
      "scale" : "2x",
      "size" : "76x76",
      "idiom" : "ipad",
      "filename" : "icon_152.png"
    },
    {
      "scale" : "2x",
      "filename" : "icon_167.png",
      "idiom" : "ipad",
      "size" : "83.5x83.5"
    }
  ]
}